<?xml version="1.0" encoding="UTF-8"?>
<!DOCTYPE hibernate-configuration PUBLIC
        "-//Hibernate/Hibernate Configuration DTD 3.0//EN"
        "http://www.hibernate.org/dtd/hibernate-configuration-3.0.dtd">
<hibernate-configuration>
    <session-factory>
        <property name="hibernate.connection.driver_class">org.mariadb.jdbc.Driver</property>
        <property name="hibernate.connection.url">jdbc:mariadb://localhost:3306/hibernatespu926</property>
        <property name="hibernate.connection.username">root</property>
        <!--        <property name="hibernate.connection.password">Qwerty1-</property>-->
        <property name="hibernate.dialect">org.hibernate.dialect.MariaDBDialect</property>
        <property name="hibernate.connection.CharSet">utf8</property>
        <property name="hibernate.connection.characterEncoding">utf8</property>
        <property name="hibernate.connection.useUnicode">true</property>
        <property name="show_sql">false</property>
        <property name="hbm2ddl.auto">update</property>
        <!--        <mapping class="models.Role"/>-->
        <!--        <mapping class="models.Question"/>-->
        <!--        <mapping class="models.QuestionItem"/>-->
    </session-factory>
</hibernate-configuration>